Site,Partner Site Country,Primary Disease Area,Tissue of origin (free text),Disease/indication (free text),Type,Model Organism,Biological System,Co-culture?,Model and modification details (free text),Cell line name(s) (free text),Plate density,Assay Design (1),Assay Design (2),if 3D: assay type,Assay readout,Assay readout (2),Assay readout (3),Additional assay information (free text),Data Points,Screening Mode,Measurement Type,"Additional Details (timepoint, points DRC) 
(free text)",Publication Details (doi only),Available to the User,Comments regarding the availability
MEDINA,ES,Cancer,,,Primary screening,Human,,,Cas9 expressing cell lines,,,2D,,,,,,,,,,,,,
MEDINA,ES,Cancer,,,Primary screening,Human,,,Cas9 expressing cell lines,,,3D,,,,,,,,,,,,,
MEDINA,ES,Cancer,Breast/pancreas/lung/melanoma,Breast cancer/pancreas cancer/lung cancer/melanoma,Primary screening,Human,,,,,384-well,2D,,,Absorbance,,,Synergy studies,1-5k,Combination,End-point,Combination matrix of 15 point DRC per drug,,,
MEDINA,ES,Cancer,Breast/pancreas/lung/melanoma,Breast cancer/pancreas cancer/lung cancer/melanoma,Primary screening,Human,,,,,384-well,3D,,Spheroid/Scaffold-free,Microscopy,,,high-content imaging,1-5k,Single Point,End-point,10 point DRC,10.1016/j.biopha.2024.117018; 10.3390/molecules29020425,,
MEDINA,ES,Cancer,Breast,Triple negative breast cancer,Primary screening,Human,,,,,384-well,3D,,Spheroid/Scaffold-free,Microscopy,,,high-content imaging,1-5k,Dose Response,End-point,10 point DRC,,,
MEDINA,ES,Cancer, Bone,Osteosarcoma,Primary screening,Human,,,,U2-OS,,2D,,,Fluorescence,Microscopy,,high-content imaging,5-20k,Single Point,End-point,FOXO3A target-based assay (U2foxRELOC cell line),10.1371/journal.pone.0167491; 10.1007/978-1-4939-8900-3_12; 10.3390/molecules27175414,,
MEDINA,ES,Neurological,,,Primary screening,Human,Stem cells/iPSC,,iPS differentiated into neuron precursors ,,,2D,,,Fluorescence,Microscopy,,high-content imaging,,,,"Drug discovery, disease modeling (neurite growth)",,,
MEDINA,ES,Neurological,,,Primary screening,Human,,,SH-SY5Y cell line differentiated into neurons,SH-SY5Y,384-well,2D,,,,,,high-content imaging,,,,"Drug discovery, disease modeling (neurite growth)",,,
MEDINA,ES,Neurological,,,Hit follow-up,Human,Stem cells/iPSC,,"dopaminergic neurons, CRISPR-edited LRRK2-ki",,,2D,,,,,,,,,,"Drug discovery, disease modeling (neurite growth)",,,
USC,ES,Neurological,Neuroblastoma rabbit cells x Rat DRG neurons,Peripheral neuronal models,Primary screening,Human,Immortalized cell lines,No,"dorsal, root ganglia neuron, immortalized F11 cell line differentiated to dorsal root ganglia (DRG) neuron-like phenotype",F11,384-well,2D,,,Fluorescence,Microscopy,other,Other: Multi-Electrode Array,1-5k,Combination,End-point,ATP and KCl response,10.1177/2472555218810323,,
USC,ES,Neurological,Human neuroblastoma cells,Alzheimer disease,Primary screening,Human,Immortalized cell lines,No,"glutamatergic/dopaminergic neurons, SH-SY5Y cell line differentiated to neurons",SH-SY5Y,384-well,3D,,Spheroid/Scaffold-free,Fluorescence,Microscopy,other,Other: Multi-Electrode Array,1-5k,Combination,End-point,ATP and KCl response,,,
USC,ES,Neurological,Human neuroblastoma cells,Alzheimer disease,Primary screening,Human,Immortalized cell lines,No,"double mutant glutamatergic/dopaminergic neurons, SH-SY5Y cell line differentiated to neurons",SH-SY5Y,384-well,2D,,,Fluorescence,Microscopy,other,Other: Multi-Electrode Array,1-5k,Combination,End-point,ATP and KCl response,,,
USC,ES,Neurological,Human neuroblastoma cells,Alzheimer disease,Primary screening,Human,Immortalized cell lines,No,"neurospheres, SH-SY5Y in collagen matrix",SH-SY5Y,96-well,3D,,Spheroid/Scaffold-free,Microscopy,,,,1-5k,Combination,End-point,,,,
USC,ES,Renal,Kidney,Kidneycysts,Primary screening,Human,Immortalized cell lines,No,MDCK (Madin-Darby Canine Kidney) cyst/spheroids in collagen gel matrix induced by forskolin,MDCK,384-well,3D,,Spheroid/Scaffold-free,Microscopy,,,,1-5k,Combination,End-point,"Multiparametric 3D analysis, phenotypic response",,,
UH-FIMM,FI,Hematology,Blood/ Bone Marrow,Acute Lymphoblastic Leukemia (biobanked),Primary screening,Human,Primary cells,,,,,Suspension,,,Flow cytometry,Luminescence,Fluorescence,"Cell Titer Glo, CellTox Green, Flow Cytometry",,Dose Response,,,10.1182/blood.2021015106,,
UH-FIMM,FI,Hematology,Blood/ Bone Marrow,Acute Myeloid Leukemia (fresh BM/PB),Primary screening,Human,Primary cells,,,,,Suspension,,,Flow cytometry,Luminescence,Fluorescence,"Cell Titer Glo, CellTox Green, Flow Cytometry",,Dose Response,,,10.1158/2159-8290.CD-21-0410; 10.3324/haematol.2022.281692,,
UH-FIMM,FI,Hematology,Blood/ Bone Marrow,Acute Myeloid Leukemia ,,Mouse,Primary cells,,primary AML in PDX mouse ,,,Suspension,,,Flow cytometry,,,Flow cytometry,,Dose Response,,,10.1182/blood.2021015106,,
UH-FIMM,FI,Hematology,Blood/ Bone Marrow,Acute Myeloid Leukemia ,Primary screening,Human,,Yes,co-cultures of healthy donor PBMCs/CD3+ cells + AML primary cells. Biobanked/fresh,,,Suspension,,,Flow cytometry,Microscopy,,bispecific T-cell engagers,,Dose Response,,,,,
UH-FIMM,FI,Hematology,Blood/ Bone Marrow,"Acute Myeloid Leukemia, Myelodysplastic Syndromes, Multiple Myeloma (biobanked/fresh)",Primary screening,Human,Primary cells,,,,,Suspension,,,Flow cytometry,Luminescence,Fluorescence,"Cell Titer Glo, CellTox Green, Flow Cytometry",,Dose Response,,single drugs and combinations,10.1182/blood.2021011094; unpublished,,
UH-FIMM,FI,Hematology,Liver,Hepatoblastoma,Primary screening,Human,Primary cells,,,,,3D,,,Luminescence,Microscopy,,Cell Titer Glo & imaging,,Combination,,single drugs and combinations,10.1038/s41698-025-00915-8,,
UH-FIMM,FI,,,,Primary screening,Human,,,miniaturized immunofluorescence assay (mini-IFA) for measuring antibody response in patient blood samples using severe acute respiratory syndrome coronavirus 2 (SARS-CoV-2) as the model pathogen,,384-well,,,,Microscopy,,,"high-content microscopy -based mini-immunofluorescence assay (mini-IFA) for serological testing i.e., detection of antibodies",,,,,10.1016/j.crmeth.2023.100565,,
UH-FIMM,FI,Cancer,Brain,Glioblastoma,Primary screening,Human,Stem cells/iPSC,No,patient-specific glioblastoma stem cell cultures (primary  and recurrent GBM),,384-well,Suspension,,,Luminescence,Fluorescence,,"Cell Titer Glo, CellTox Green",,Dose Response,,,10.1186/s12885-019-5861-4; 10.1186/s40169-019-0253-6; 10.1016/j.tranon.2022.101535,,
UH-FIMM,FI,Cancer,Brain,Meningioma,Primary screening,Human,Primary cells,No,,,384-well,Suspension,,,Luminescence,Fluorescence,,"Cell Titer Glo, CellTox Green",,Dose Response,,,,,
UH-FIMM,FI,Cancer,Colon/Rectum,Colorectal cancer,Primary screening,Human,Primary cells,,,,1536-well,,,,Luminescence,,,Cell Titer Glo,,Single Point,,,10.1158/1078-0432.CCR-19-3637; 10.3390/biom10101365,,
UH-FIMM,FI,Hematology,Blood/ Bone Marrow,Acute Myeloid Leukemia (biobanked),Disease profiling,Human,Primary cells,,,,,Suspension,,,Flow cytometry,,,"surface+Intracellular staining to
quantify population specific protein levels",,Dose Response,,,,,
UH-FIMM,FI,Hematology,Blood/ Bone Marrow,Acute Myeloid Leukemia (biobanked),Disease profiling,Human,Primary cells,,,,,Suspension,,,Luminescence,Fluorescence,Flow cytometry,"CTG, CTxG & FACS",,Dose Response,,,10.1158/2159-8290.CD-21-0410,,
UH-FIMM,FI,Hematology,Blood/ Bone Marrow,Acute Myeloid Leukemia ,Disease profiling,Human,Primary cells,,,,,Suspension,,,Flow cytometry,Microscopy,,"Cell painting by imaging, flow validations",,,,,,,
UH-FIMM,FI,Hematology,Blood/ Bone Marrow,Acute Myeloid Leukemia (biobanked),Hit follow-up,Human,Primary cells,,,,,Suspension,,,Luminescence,Flow cytometry,,"Cell Titer Glo, Flow cytometry (computational predictions, wetlab validations, combinations)",,Dose Response,,,10.1038/s41389-024-00510-9; 10.1101/2023.06.26.546571,,
i3S,PT,Cancer,Brain,Brain (patient-derived),Primary screening,Human,Primary cells,,,,96-well,3D,,,,,,,,Single Point,,,,,
CBCS-KI,SE,Cancer,,Pancreatic cancer,Primary screening,Mouse,,Yes,co-culture of murine pancreatic stellate cells and murine KPC tumor organoids,Murine stellate cells isolated from WT C57BL/6J mice and organoids from KPC mice,384-well,3D,2D,Organoid,Microscopy,,,"Matrigel, GFP label  (organoids), mKate2 (PSC); morphological readout",>20k,Single Point,End-point,,10.1101/2022.03.11.483991,Yes,Through collaboration with user
CBCS-KI,SE,Cancer,,,Primary screening,Human,Stem cells/iPSC,,iPSC-derived organoids,,384-well,3D,,Organoid,Luminescence,,,Cell Titer Glo (Laminin),5-20k,Single Point,End-point,,,Yes,Through collaboration with user
CBCS-KI,SE,Cancer,Brain,Glioblastoma,Primary screening,Human,,Yes,co-culture of patient-derived GBM cells and human astrocytes,,384-well,2D,,,Luminescence,,,"Cell Titer Glo (GBM–GFP, Astrocytes–mCherry)",5-20k,Single Point,End-point,,,Yes,Through collaboration with user
CBCS-KI,SE,Hematology,,Diamond-Blackan Anemia,Primary screening,Mouse,Primary cells,,primary cells from a doxcyclin mouse model,doxycycline-inducible DBA mouse model,384-well,2D,,,Luminescence,,,Cell Titer Glo,>20k,Single Point,End-point,,10.1177/2472555218823531,Yes,Through collaboration with user
CBCS-KI,SE,Cancer,,Pancreatic cancer,Primary screening,Human,,Yes,co-culture of PDAC spheroids with stellate cells,Panc1,384-well,3D,,Spheroid/Scaffold-free,Microscopy,Fluorescence,,imaging; Lactate assay,5-20k,Single Point,End-point,,,Yes,Through collaboration with user
CBCS-KI,SE,Cancer,,Sarcoma (patient-derived),Primary screening,Human,,,,,384-well,2D,,,Luminescence,,,Cell Titer Glo,,Single Point,End-point,,,Yes,Through collaboration with user
CBCS-KI,SE,Neurological,Brain,Neurotoxicity models,Toxicity/Safety models,Human,Stem cells/iPSC,,,,384-well,3D,,Organoid,Microscopy,Fluorescence,,imaging; FLIPPR,,Single Point,End-point,,,Yes,Through collaboration with user
CBCS-KI,SE,Cancer,Breast,Breast,Primary screening,Human,,Yes,co-culture of breast cancer cells and fibroblasts,,384-well,2D,,,Luminescence,Microscopy,,Luciferase (estrogen dependence) and imaging,,Dose Response,End-point,5 point DRC,10.1038/s41388-024-02973-x ,Yes,Through collaboration with user
CBCS-KI,SE,Cancer,Ovary,Ovarian cancer (22 samples),Disease profiling,Human,Primary cells,,cells from tissue or ascites samples,,384-well,2D,3D,Spheroid/Scaffold-free,Microscopy,,,Live cell imaging,<100,Dose Response,End-point,5 point DRC,10.1038/s41698-023-00463-z ,Yes,Through collaboration with user
CBCS-KI,SE,Hematology,Blood/ Bone Marrow,Acute Myeloid Leukemia (161 samples),Disease profiling,Human,Primary cells,,cells from bone marrow samples,,384-well,Suspension,,,Luminescence,Flow cytometry,,"Cell Titer Glo, FACS",100-1k,Dose Response,End-point,5 point DRC,,Yes,Through collaboration with user
CBCS-KI,SE,Cancer,Breast,Breast (18 samples),Disease profiling,Human,Primary cells,,cells from tissue samples,,384-well,3D,,,Luminescence,,,Cell Titer Glo,<100,Dose Response,End-point,5 point DRC,10.1073/pnas.2209856120,Yes,Through collaboration with user
CBCS-KI,SE,Hematology,Blood/ Bone Marrow,Acute Myeloid Leukemia (biobanked),Hit follow-up,Human,Primary cells,,cells from bone marrow samples,,384-well,Suspension,,,Luminescence,,,Cell Titer Glo,<100,Dose Response,End-point,5 point DRC,10.1038/nm.4265 ,Yes,Through collaboration with user
CBCS-KI,SE,Metabolic,Liver, Hepatocytes (3 donors),Toxicity/Safety models,Human,Primary cells,,primary human hepatocytes from donors,,1536-well,3D,,,Luminescence,Microscopy,,Cell Titer Glo or Cell Painting,5-20k,Dose Response,End-point,10 point DRC,,Yes,Through collaboration with user
UTU,FI,,Zebrafish embryo,Toxicity,Hit follow-up,Zebrafish,In vivo,,Modified zebrafish embryo toxicity test,,96-well,3D,,,Microscopy,,,Imaging (Teratology and toxicity),,Combination,End-point,,10.1038/s41598-017-09312-z,Yes,
UTU,FI,Cardiovascular ,Zebrafish embryo,Heart failure and cardiotoxicity,Hit follow-up,Zebrafish,In vivo,,Cardiac physiology mesurements,,96-well,3D,,,Microscopy,,,Imaging (Cardiovascular physiology),,Combination,End-point,,10.1038/s41598-017-09312-z,Yes,
UTU,FI,Cardiovascular ,Zebrafish embryo,Angiogenesis,Hit follow-up,Zebrafish,In vivo,,Angiogenesis,,96-well,3D,,,Microscopy,Fluorescence,,Imaging (Angiogenesis),,Combination,End-point,,10.1016/j.biopha.2022.113882,Yes,
UTU,FI,Neurological,Zebrafish embryo,Neurotoxicity&epilepsy models,Hit follow-up,Zebrafish,In vivo,,Behavioural imaging,,96-well,3D,,,other,,,Imaging (Behavioural assay),,Combination,End-point,,10.1038/s41598-024-61337-3,Yes,
UTU,FI,Cancer,Zebrafish embryo,Cancer (several models),Hit follow-up,Zebrafish,In vivo,,Cancer cell xenograft,User defined,96-well,3D,,,Microscopy,Fluorescence,,imaging,,Single Point,End-point,,10.21769/BioProtoc.3027,Yes,
,,,,,,,,,,,,,,,,,,,,,,,,,
Fraunhofer ITMP,DE,Neurological,,,Disease profiling,Human,Stem cells/iPSC,,"BBB model, hiPSC-derived brain capillary endothelial cells",,,2D,,,Microscopy,Fluorescence,other,"Imaging, qPCR, TEER",,,,,10.1016/j.stemcr.2021.12.011,,
Fraunhofer ITMP,DE,Neurological,,,Disease profiling,Human,Stem cells/iPSC,Yes,"BBB model, co-culture hiPSC-derived brain capillary endothelial cells with different brain cell types",,,2D,,,Microscopy,Fluorescence,other,"Imaging, qPCR, TEER",,,,,10.1186/s12987-023-00471-y,,
Fraunhofer ITMP,DE,Neurological,,,Hit follow-up,Human,Stem cells/iPSC,Yes,co-culture of iPSC-derived cortical organoids and cancer cells,,,3D,,,Fluorescence,Luminescence,,Cancer cells (tdTomato) Fluorescence (Imaging) and CTG (luminescence),,,,,,,
Fraunhofer ITMP,DE,,,,Hit follow-up,Human,Stem cells/iPSC,,,,,2D,,,other,,,LC-MS/MS,,,,,,,
HZI,DE,Infectious ,,,Hit follow-up,Human,Primary cells,,,,96-well,3D,,,,other,Microscopy,"Cell viability (?), TEER, imaging",,Combination,,,,,
CIPF,ES,Cancer,Breast,Triple negative breast cancer,Hit follow-up,Human,,,,,,3D,,Organoid,Luminescence,,,Cell Titer Glo,,Combination,,,,,
CIPF,ES,Cancer,Brain,pedriatic glioblastoma,Hit follow-up,Human,Primary cells,,,,,3D,,,Absorbance,,,Cell viability/metabolic activity (MTS),,,,,10.1016/j.jconrel.2023.01.079,,
CIPF,ES,Cancer,Breast/Brain,Breast cancer/glioblastoma,Primary screening,Human,,,,,,3D,,,Absorbance,,,Cell viability/metabolic activity (MTS),,,,,,,
i3S,PT,Cancer,Brain,Cancer,Primary screening,Human,Primary cells,No,organoids from biopsies,,384-well,3D,,Organoid,Luminescence,,,Cell viability,5-20k,Combination,End-point,,,Yes,
IMG,CZ,Cancer,Various,Solid Tumours,Disease profiling,Human,Primary cells,No,Spheroids derived from primary pediatric patient material,,384-well,3D,,Spheroid/Scaffold-free,Luminescence,Microscopy,,Cell Titer Glo & imaging,,Combination,End-point,,,,
IMG,CZ,Cancer,Blood/ Bone Marrow,"AML, ALL and ALAL",Disease profiling,Human,Primary cells,Yes,Coculture of primary patient material with primary mesenchymal cells,,1536-well,Suspension,,,Microscopy,,,CyQUANT Direct Cell Proliferation Assay Imaging,,Combination,End-point,,10.1002/cam4.71070,,
IMG,CZ,Cancer,Blood/ Bone Marrow,CML,Primary screening,Human,Immortalized cell lines,,Xenotransplantation model in zebrafish,K562,96-well,3D,,,Microscopy,Luminescence,,Xenotransplanted cells labelled with NanoLuc transgene,100-1k,Combination,End-point,,10.3389/fphar.2022.893655,Yes,
IMG,CZ,,,,Hit follow-up,Zebrafish,In vivo,,Fluorescent reporter zebrafish lines,,96-well,,,,Microscopy,,,other: Multi-Electrode Array,100-1k,Single Point,End-point,,10.1182/bloodadvances.2021005459; 10.1182/bloodadvances.2020001700,Yes,
IMG,CZ,Neurological,,,Hit follow-up,Zebrafish,In vivo,,Locomotor behaviour,,96-well,,,,Microscopy,other,,,100-1k,Single Point,End-point,,10.1021/acschemneuro.3c00131,Yes,
IMG,CZ,,,,Toxicity/Safety models,Zebrafish,In vivo,,Toxicology / Teratology,,96-well,,,,Microscopy,,,,100-1k,Single Point,End-point,,,Yes,
IBCH PAS,PL,Cancer,"Lungs, Liver, Prostate",-,Cell phenotyping,Human,Immortalized cell lines,No,Commercial cell lines,"A549, PC3, HepG2, ",384-well,2D, , ,Microscopy,Fluorescence, ,Cell painting assay - imaging,1-5k,Combination,End-point,-,-,Yes,"The technical execution of cell painting and generation of results, even with the compound library test, is possible ""on the spot"", but the analysis of multiparametric data must be carried out in cooperation with an external specialist"
IBCH PAS,PL,Neurological,Brain,-,Cell phenotyping,Human,Immortalized cell lines,Yes,Commercial cell lines,"SH-SY5Y, HMC3",384-well,2D, , ,Microscopy,Fluorescence, ,Cell painting assay-imaging,1-5k,Combination,End-point,-,-,Yes,"The technical execution of cell painting and generation of results, even with the compound library test, is possible ""on the spot"", but the analysis of multiparametric data must be carried out in cooperation with an external specialist"
IBCH PAS,PL,Neurological,Brain,-,Cell phenotyping,Human,Immortalized cell lines,No,Commercial cell lines,SH-SY5Y,384-well,2D, , ,Microscopy,Fluorescence, ,Cell painting assay-imaging,1-5k,Combination,End-point,-,-,Yes,"The technical execution of cell painting and generation of results, even with the compound library test, is possible ""on the spot"", but the analysis of multiparametric data must be carried out in cooperation with an external specialist"
IBCH PAS,PL,Neurological,Brain,-,Cell phenotyping,Human,Immortalized cell lines,No,Commercial cell lines,HMC3,384-well,2D, , ,Microscopy,Fluorescence, ,Cell painting assay-imaging,1-5k,Combination,End-point,-,-,Yes,"The technical execution of cell painting and generation of results, even with the compound library test, is possible ""on the spot"", but the analysis of multiparametric data must be carried out in cooperation with an external specialist"
,,,,,,,,,,,,,,,,,,,,,,,,,
IBCH PAS,PL,Cancer,Bone tissue,Osteosarcoma,Primary screening,Human,Immortalized cell lines,No,Commercial cell lines,U2-OS,384-well,2D, , ,Microscopy,Fluorescence, ,Autophagy kit ,1-5k,Combination,End-point,-,-,Yes,"The technical execution of cell painting and generation of results, even with the compound library test, is possible ""on the spot"", but the analysis of multiparametric data must be carried out in cooperation with an external specialist"
,,,,,,,,,,,,,,,,,,,,,,,,,
,,,,,,,,,,,,,,,,,,,,,,,,,
UH-FIMM,FI,Cancer,Bone,"Osteosarcoma, Ewing sarcoma",Primary screening,Human,Primary cells,No,,,384-well,3D,2D,Spheroid/Scaffold-free,Luminescence,Microscopy,,Cell Titer Glo,,Dose Response,,,10.1007/s12094-026-04261-4,,
UH-FIMM,FI,Hematology,Blood/ Bone Marrow,Acute Myeloid Leukemia ,Primary screening,Human,Primary cells,No,,,384-well,Suspension,,,Flow cytometry,Luminescence,,"Flow cytometry, Cell Titer Glo",,Dose Response,,,10.1002/hem3.70282,,
UH-FIMM,FI,Hematology,Blood/ Bone Marrow,Acute Myeloid Leukemia ,Primary screening,Human,Primary cells,No,,,384-well,Suspension,,,Luminescence,,,Cell Titer Glo,,Dose Response,,,10.1158/0008-5472.CAN-24-3840,,
UH-FIMM,FI,Hematology,Blood/ Bone Marrow,Acute Myeloid Leukemia ,Primary screening,Human,Primary cells,No,,,96-well,Suspension,,,Flow cytometry,,,Flow cytometry,,Dose Response,,,10.1182/blood.2024024968,,
UH-FIMM,FI,Hematology,Blood/ Bone Marrow,Acute Myeloid Leukemia ,Primary screening,Human,Primary cells,No,,,384-well,Suspension,,,Luminescence,Flow cytometry,,"Flow cytometry, Cell Titer Glo",,Dose Response,,,10.1038/s41467-024-52980-5,,
UH-FIMM,FI,Cancer,Soft tissue,Angiosarcoma,Primary screening,Human,Engineered cell lines,No,,,384-well,2D,3D,,Luminescence,Microscopy,,"Cell Titer Glo, Imaging",,Dose Response,,,10.1016/j.biopha.2024.116397,,
UH-FIMM,FI,Hematology,Blood/ Bone Marrow,Acute Myeloid Leukemia ,Primary screening,Human,Primary cells,No,,,384-well,Suspension,,,Luminescence,,,Cell Titer Glo,,Dose Response,,,10.1038/s41596-023-00903-x,,
UH-FIMM,FI,Cancer,Kidney,Papillary renal cell carcinoma,Primary screening,Human,Engineered cell lines,No,,,384-well,2D,,,Luminescence,,,Cell Titer Glo,,Dose Response,,,10.1016/j.euf.2023.03.005,,
UH-FIMM,FI,Cancer,Kidney,Renal cell carcinoma,Primary screening,Human,Primary cells,No,,,384-well,2D,3D,,Luminescence,,,Cell Titer Glo,,Dose Response,,,10.1016/j.slasd.2022.11.003,,
UH-FIMM,FI,Cancer,Ovary,High-grade serous ovarian cancer,Primary screening,Human,Primary cells,No,,,384-well,2D,,,Luminescence,,,Cell Titer Glo,,Dose Response,,,10.1038/s41416-022-02067-z,,
UH-FIMM,FI,Cancer,Multiple,Pediatric cancers,Primary screening,Human,Primary cells,No,,,384-well,3D,,,Luminescence,,,Cell Titer Glo,,Dose Response,,,10.1038/s41698-022-00335-y,,
FMP,DE,,,,Cell phenotyping,Human,Engineered cell lines,No,Cas9 expressing cell lines,,96-well,2D,2D,,Microscopy,other,,Optical Pooled Screening with nuclear in-situ sequencing,,Single Point,,livel cell or fixed cell,10.1038/s41587-024-02516-5,,method is in setup
UH-FIMM,FI,Hematology,Blood/ Bone Marrow,B-cell Acute Lymphoblastic Leukemia,Primary screening,Human,Primary cells,No,,,384-well,Suspension,,,Luminescence,,,Cell Titer Glo,,Dose Response,,,10.1097/HS9.0000000000000701,,
UH-FIMM,FI,Cancer,Skin,Melanoma,Primary screening,Human,Primary cells,No,,,384-well,2D,,,Luminescence,,,Cell Titer Glo,,Dose Response,,,10.1016/j.tranon.2021.101290,,
UH-FIMM,FI,Hematology,Blood/ Bone Marrow,Acute Myeloid Leukemia ,Primary screening,Human,Primary cells,No,,,384-well,Suspension,,,Luminescence,,,Cell Titer Glo,,Dose Response,,,10.1038/s41698-021-00209-9,,
UH-FIMM,FI,Cancer,Lung,Non-small-cell lung cancer,Primary screening,Human,Primary cells,No,,,384-well,2D,,,Luminescence,,,Cell Titer Glo,,Dose Response,,,10.1016/j.xcrm.2021.100373,,
UH-FIMM,FI,Cancer,Head and neck,Head and neck squamous cell carcinoma,Primary screening,Human,Engineered cell lines,No,,,384-well,2D,,,Luminescence,,,Cell Titer Glo,,Dose Response,,,10.1038/s41598-021-94259-5; 10.3390/cancers12010092,,
UH-FIMM,FI,Hematology,Blood/ Bone Marrow,Acute Myeloid Leukemia ,Primary screening,Human,Primary cells,No,,,384-well,Suspension,,,Luminescence,,,Cell Titer Glo,,Dose Response,,,10.1126/sciadv.abe4038,,
UH-FIMM,FI,Hematology,Blood/ Bone Marrow,Chronic myeloid leukemia,Primary screening,Human,Primary cells,No,,,384-well,Suspension,,,Luminescence,,,Cell Titer Glo,,Dose Response,,,10.1038/s41375-020-01082-4,,
UH-FIMM,FI,Cancer, Sympathetic nervous system,Neuroblastoma,Primary screening,Human,Primary cells,No,,,384-well,3D,,,Luminescence,,,Cell Titer Glo,,Dose Response,,,10.1126/scitranslmed.aba4434,,
UH-FIMM,FI,Cancer,Multiple,Cancer,Primary screening,Human,Immortalized cell lines,No,,,384-well,2D,,,Luminescence,,,Cell Titer Glo,,Dose Response,,,10.1074/jbc.RA119.011265,,
UH-FIMM,FI,Cancer,Ovary,High-grade serous ovarian cancer,Primary screening,Human,Primary cells,No,,,384-well,2D,3D,,Luminescence,,,Cell Titer Glo,,Dose Response,,,10.1002/path.5356,,
,,,,,,,,,,,,,,,,,,,,,,,,,
,,,,,,,,,,,,,,,,,,,,,,,,,
,,,,,,,,,,,,,,,,,,,,,,,,,
,,,,,,,,,,,,,,,,,,,,,,,,,
,,,,,,,,,,,,,,,,,,,,,,,,,
UTU,FI,Neurological,Neurons/Mixed Cultures; primary cultures; cortical or hippocampal origin,"Rare diseases, Neurodegeneration, Synaptopathies",Primary screening,Rat,Primary cells,Yes,"Using genetically encoded reporters and actuators, allows longitudinal follow up, before/after response validation, analysis pipeline exists. Endpoint fix and immunofluorescence as an option", ,384-well,2D,,,Microscopy,Fluorescence,Absorbance,reporter and actuator panels available,1-5k,Combination,Kinetic ,"case dependent, usually dynamics/longitudinal",,Yes,
UTU,FI,Neurological,Neurons/Mixed Cultures; primary cultures; cortical or hippocampal origin,"Rare diseases, Neurodegeneration, Synaptopathies",Hit follow-up,Rat,Primary cells,Yes,"Using genetically encoded reporters and actuators, allows longitudinal follow up, before/after response validation, analysis pipeline exists. Endpoint fix and immunofluorescence as an option", ,384-well,2D,,,Microscopy, , ,reporter and actuator panels available,1-5k,Combination,Kinetic ,"case dependent, usually dynamics/longitudinal",,Yes,
UTU,FI,Neurological,Neurons/Mixed Cultures; primary cultures; cortical or hippocampal origin,"Rare diseases, Neurodegeneration, Synaptopathies",Disease profiling,Rat,Primary cells,Yes,"Using genetically encoded reporters and actuators, allows longitudinal follow up, before/after response validation, analysis pipeline exists. Endpoint fix and immunofluorescence as an option", ,384-well,2D,,,Microscopy, , ,reporter and actuator panels available,1-5k,Combination,Kinetic ,"case dependent, usually dynamics/longitudinal",,Yes,
UTU,FI,Neurological,Neurons/Mixed Cultures; primary cultures; cortical or hippocampal origin,"Rare diseases, Neurodegeneration, Synaptopathies",Toxicity/Safety models,Rat,Primary cells,Yes,"Using genetically encoded reporters and actuators, allows longitudinal follow up, before/after response validation, analysis pipeline exists. Endpoint fix and immunofluorescence as an option", ,384-well,2D,,,Microscopy,Fluorescence,Absorbance,reporter and actuator panels available,1-5k,Combination,Kinetic ,"case dependent, usually dynamics/longitudinal",,Yes,
UTU,FI,Neurological,Neurons/Mixed Cultures; primary cultures; cortical or hippocampal origin,"Rare diseases, Neurodegeneration, Synaptopathies",Mechanistic studies,Rat,Primary cells,Yes,"Using genetically encoded reporters and actuators, allows longitudinal follow up, before/after response validation, analysis pipeline exists. Endpoint fix and immunofluorescence as an option", ,384-well,2D,,,Microscopy, , ,reporter and actuator panels available,1-5k,Combination,Kinetic ,"case dependent, usually dynamics/longitudinal",,Yes,
UTU,FI,Neurological,Neurons/Mixed Cultures; primary cultures; cortical or hippocampal origin,"Rare diseases, Neurodegeneration, Synaptopathies",Cell phenotyping,Rat,Primary cells,Yes,"Using genetically encoded reporters and actuators, allows longitudinal follow up, before/after response validation, analysis pipeline exists. Endpoint fix and immunofluorescence as an option", ,384-well,2D,,,Microscopy, , ,reporter and actuator panels available,1-5k,Combination,Kinetic ,"case dependent, usually dynamics/longitudinal",,Yes,
UTU,FI,Neurological,Human iPSC differentiated to excitatory neurons,"Rare diseases, Neurodegeneration, Synaptopathies",Primary screening,Human,Stem cells/iPSC,Yes,"Using genetically encoded reporters and actuators, allows longitudinal follow up, before/after response validation, analysis pipeline exists. Endpoint fix and immunofluorescence as an option",iPSC lines,384-well,2D,,,Microscopy,Fluorescence,Absorbance,reporter and actuator panels available,1-5k,Combination,Kinetic ,"case dependent, usually dynamics/longitudinal",,Yes,
UTU,FI,Neurological,Human iPSC differentiated to excitatory neurons,"Rare diseases, Neurodegeneration, Synaptopathies",Hit follow-up,Human,Stem cells/iPSC,Yes,"Using genetically encoded reporters and actuators, allows longitudinal follow up, before/after response validation, analysis pipeline exists. Endpoint fix and immunofluorescence as an option",iPSC lines,384-well,2D,,,Microscopy, , ,reporter and actuator panels available,1-5k,Combination,Kinetic ,"case dependent, usually dynamics/longitudinal",,Yes,
UTU,FI,Neurological,Human iPSC differentiated to excitatory neurons,"Rare diseases, Neurodegeneration, Synaptopathies",Disease profiling,Human,Stem cells/iPSC,Yes,"Using genetically encoded reporters and actuators, allows longitudinal follow up, before/after response validation, analysis pipeline exists. Endpoint fix and immunofluorescence as an option",iPSC lines,384-well,2D,,,Microscopy, , ,reporter and actuator panels available,1-5k,Combination,Kinetic ,"case dependent, usually dynamics/longitudinal",,Yes,
UTU,FI,Neurological,Human iPSC differentiated to excitatory neurons,"Rare diseases, Neurodegeneration, Synaptopathies",Toxicity/Safety models,Human,Stem cells/iPSC,Yes,"Using genetically encoded reporters and actuators, allows longitudinal follow up, before/after response validation, analysis pipeline exists. Endpoint fix and immunofluorescence as an option",iPSC lines,384-well,2D,,,Microscopy,Fluorescence,Absorbance,reporter and actuator panels available,1-5k,Combination,Kinetic ,"case dependent, usually dynamics/longitudinal",,Yes,
UTU,FI,Neurological,Human iPSC differentiated to excitatory neurons,"Rare diseases, Neurodegeneration, Synaptopathies",Mechanistic studies,Human,Stem cells/iPSC,Yes,"Using genetically encoded reporters and actuators, allows longitudinal follow up, before/after response validation, analysis pipeline exists. Endpoint fix and immunofluorescence as an option",iPSC lines,384-well,2D,,,Microscopy, , ,reporter and actuator panels available,1-5k,Combination,Kinetic ,"case dependent, usually dynamics/longitudinal",,Yes,
UTU,FI,Neurological,Human iPSC differentiated to excitatory neurons,"Rare diseases, Neurodegeneration, Synaptopathies",Cell phenotyping,Human,Stem cells/iPSC,Yes,"Using genetically encoded reporters and actuators, allows longitudinal follow up, before/after response validation, analysis pipeline exists. Endpoint fix and immunofluorescence as an option",iPSC lines,384-well,2D,,,Microscopy, , ,reporter and actuator panels available,1-5k,Combination,Kinetic ,"case dependent, usually dynamics/longitudinal",,Yes,
UTU,FI,Cancer,cancer cell lines,general signalling pathway regulation,Mechanistic studies,Human,Immortalized cell lines,No,reporters e.g. using FRET probes,user lines e.g. MM231,96-well,2D, , ,Microscopy, , ,384 well and 5k would be fine,100-1k,Single Point,End-point,kinetics and CDC would be fine,10.1038/s41556-025-01663-4 ,Yes,
,,,,,,,,,,,,,,,,,,,,,,,,,
,,,,,,,,,,,,,,,,,,,,,,,,,
,,,,,,,,,,,,,,,,,,,,,,,,,
,,,,,,,,,,,,,,,,,,,,,,,,,
,,,,,,,,,,,,,,,,,,,,,,,,,
,,,,,,,,,,,,,,,,,,,,,,,,,
,,,,,,,,,,,,,,,,,,,,,,,,,
,,,,,,,,,,,,,,,,,,,,,,,,,
,,,,,,,,,,,,,,,,,,,,,,,,,
,,,,,,,,,,,,,,,,,,,,,,,,,
,,,,,,,,,,,,,,,,,,,,,,,,,
,,,,,,,,,,,,,,,,,,,,,,,,,
,,,,,,,,,,,,,,,,,,,,,,,,,
,,,,,,,,,,,,,,,,,,,,,,,,,
,,,,,,,,,,,,,,,,,,,,,,,,,
,,,,,,,,,,,,,,,,,,,,,,,,,
,,,,,,,,,,,,,,,,,,,,,,,,,
,,,,,,,,,,,,,,,,,,,,,,,,,
,,,,,,,,,,,,,,,,,,,,,,,,,
,,,,,,,,,,,,,,,,,,,,,,,,,
,,,,,,,,,,,,,,,,,,,,,,,,,
,,,,,,,,,,,,,,,,,,,,,,,,,
,,,,,,,,,,,,,,,,,,,,,,,,,
,,,,,,,,,,,,,,,,,,,,,,,,,
,,,,,,,,,,,,,,,,,,,,,,,,,
,,,,,,,,,,,,,,,,,,,,,,,,,
,,,,,,,,,,,,,,,,,,,,,,,,,
,,,,,,,,,,,,,,,,,,,,,,,,,
,,,,,,,,,,,,,,,,,,,,,,,,,
,,,,,,,,,,,,,,,,,,,,,,,,,
,,,,,,,,,,,,,,,,,,,,,,,,,
,,,,,,,,,,,,,,,,,,,,,,,,,
,,,,,,,,,,,,,,,,,,,,,,,,,
,,,,,,,,,,,,,,,,,,,,,,,,,
,,,,,,,,,,,,,,,,,,,,,,,,,
,,,,,,,,,,,,,,,,,,,,,,,,,
,,,,,,,,,,,,,,,,,,,,,,,,,
,,,,,,,,,,,,,,,,,,,,,,,,,
,,,,,,,,,,,,,,,,,,,,,,,,,
,,,,,,,,,,,,,,,,,,,,,,,,,
,,,,,,,,,,,,,,,,,,,,,,,,,
,,,,,,,,,,,,,,,,,,,,,,,,,
,,,,,,,,,,,,,,,,,,,,,,,,,
,,,,,,,,,,,,,,,,,,,,,,,,,
,,,,,,,,,,,,,,,,,,,,,,,,,
,,,,,,,,,,,,,,,,,,,,,,,,,
,,,,,,,,,,,,,,,,,,,,,,,,,
,,,,,,,,,,,,,,,,,,,,,,,,,
,,,,,,,,,,,,,,,,,,,,,,,,,
,,,,,,,,,,,,,,,,,,,,,,,,,
,,,,,,,,,,,,,,,,,,,,,,,,,
,,,,,,,,,,,,,,,,,,,,,,,,,
,,,,,,,,,,,,,,,,,,,,,,,,,
,,,,,,,,,,,,,,,,,,,,,,,,,
,,,,,,,,,,,,,,,,,,,,,,,,,
,,,,,,,,,,,,,,,,,,,,,,,,,
,,,,,,,,,,,,,,,,,,,,,,,,,
,,,,,,,,,,,,,,,,,,,,,,,,,
,,,,,,,,,,,,,,,,,,,,,,,,,
,,,,,,,,,,,,,,,,,,,,,,,,,
,,,,,,,,,,,,,,,,,,,,,,,,,
,,,,,,,,,,,,,,,,,,,,,,,,,
,,,,,,,,,,,,,,,,,,,,,,,,,
,,,,,,,,,,,,,,,,,,,,,,,,,
,,,,,,,,,,,,,,,,,,,,,,,,,
,,,,,,,,,,,,,,,,,,,,,,,,,
,,,,,,,,,,,,,,,,,,,,,,,,,
,,,,,,,,,,,,,,,,,,,,,,,,,
,,,,,,,,,,,,,,,,,,,,,,,,,
,,,,,,,,,,,,,,,,,,,,,,,,,
,,,,,,,,,,,,,,,,,,,,,,,,,
,,,,,,,,,,,,,,,,,,,,,,,,,
,,,,,,,,,,,,,,,,,,,,,,,,,
,,,,,,,,,,,,,,,,,,,,,,,,,
,,,,,,,,,,,,,,,,,,,,,,,,,
,,,,,,,,,,,,,,,,,,,,,,,,,
,,,,,,,,,,,,,,,,,,,,,,,,,
,,,,,,,,,,,,,,,,,,,,,,,,,
,,,,,,,,,,,,,,,,,,,,,,,,,
,,,,,,,,,,,,,,,,,,,,,,,,,
,,,,,,,,,,,,,,,,,,,,,,,,,
,,,,,,,,,,,,,,,,,,,,,,,,,
,,,,,,,,,,,,,,,,,,,,,,,,,
,,,,,,,,,,,,,,,,,,,,,,,,,
,,,,,,,,,,,,,,,,,,,,,,,,,
,,,,,,,,,,,,,,,,,,,,,,,,,
,,,,,,,,,,,,,,,,,,,,,,,,,
,,,,,,,,,,,,,,,,,,,,,,,,,
,,,,,,,,,,,,,,,,,,,,,,,,,
,,,,,,,,,,,,,,,,,,,,,,,,,
,,,,,,,,,,,,,,,,,,,,,,,,,
,,,,,,,,,,,,,,,,,,,,,,,,,
,,,,,,,,,,,,,,,,,,,,,,,,,
,,,,,,,,,,,,,,,,,,,,,,,,,
,,,,,,,,,,,,,,,,,,,,,,,,,
,,,,,,,,,,,,,,,,,,,,,,,,,
,,,,,,,,,,,,,,,,,,,,,,,,,
,,,,,,,,,,,,,,,,,,,,,,,,,
,,,,,,,,,,,,,,,,,,,,,,,,,
,,,,,,,,,,,,,,,,,,,,,,,,,
,,,,,,,,,,,,,,,,,,,,,,,,,
,,,,,,,,,,,,,,,,,,,,,,,,,
,,,,,,,,,,,,,,,,,,,,,,,,,
,,,,,,,,,,,,,,,,,,,,,,,,,
,,,,,,,,,,,,,,,,,,,,,,,,,
,,,,,,,,,,,,,,,,,,,,,,,,,
,,,,,,,,,,,,,,,,,,,,,,,,,
,,,,,,,,,,,,,,,,,,,,,,,,,
,,,,,,,,,,,,,,,,,,,,,,,,,
,,,,,,,,,,,,,,,,,,,,,,,,,
,,,,,,,,,,,,,,,,,,,,,,,,,
,,,,,,,,,,,,,,,,,,,,,,,,,
,,,,,,,,,,,,,,,,,,,,,,,,,
,,,,,,,,,,,,,,,,,,,,,,,,,
,,,,,,,,,,,,,,,,,,,,,,,,,
,,,,,,,,,,,,,,,,,,,,,,,,,
,,,,,,,,,,,,,,,,,,,,,,,,,
,,,,,,,,,,,,,,,,,,,,,,,,,
,,,,,,,,,,,,,,,,,,,,,,,,,
,,,,,,,,,,,,,,,,,,,,,,,,,
,,,,,,,,,,,,,,,,,,,,,,,,,
,,,,,,,,,,,,,,,,,,,,,,,,,
,,,,,,,,,,,,,,,,,,,,,,,,,
,,,,,,,,,,,,,,,,,,,,,,,,,
,,,,,,,,,,,,,,,,,,,,,,,,,
,,,,,,,,,,,,,,,,,,,,,,,,,
,,,,,,,,,,,,,,,,,,,,,,,,,
,,,,,,,,,,,,,,,,,,,,,,,,,
,,,,,,,,,,,,,,,,,,,,,,,,,
,,,,,,,,,,,,,,,,,,,,,,,,,
,,,,,,,,,,,,,,,,,,,,,,,,,
,,,,,,,,,,,,,,,,,,,,,,,,,
,,,,,,,,,,,,,,,,,,,,,,,,,
,,,,,,,,,,,,,,,,,,,,,,,,,
,,,,,,,,,,,,,,,,,,,,,,,,,
,,,,,,,,,,,,,,,,,,,,,,,,,
,,,,,,,,,,,,,,,,,,,,,,,,,
,,,,,,,,,,,,,,,,,,,,,,,,,
,,,,,,,,,,,,,,,,,,,,,,,,,
,,,,,,,,,,,,,,,,,,,,,,,,,
,,,,,,,,,,,,,,,,,,,,,,,,,
,,,,,,,,,,,,,,,,,,,,,,,,,
,,,,,,,,,,,,,,,,,,,,,,,,,
,,,,,,,,,,,,,,,,,,,,,,,,,
,,,,,,,,,,,,,,,,,,,,,,,,,
,,,,,,,,,,,,,,,,,,,,,,,,,
,,,,,,,,,,,,,,,,,,,,,,,,,
,,,,,,,,,,,,,,,,,,,,,,,,,
,,,,,,,,,,,,,,,,,,,,,,,,,
,,,,,,,,,,,,,,,,,,,,,,,,,
,,,,,,,,,,,,,,,,,,,,,,,,,
,,,,,,,,,,,,,,,,,,,,,,,,,
,,,,,,,,,,,,,,,,,,,,,,,,,
,,,,,,,,,,,,,,,,,,,,,,,,,
,,,,,,,,,,,,,,,,,,,,,,,,,
,,,,,,,,,,,,,,,,,,,,,,,,,
,,,,,,,,,,,,,,,,,,,,,,,,,
,,,,,,,,,,,,,,,,,,,,,,,,,
,,,,,,,,,,,,,,,,,,,,,,,,,
,,,,,,,,,,,,,,,,,,,,,,,,,
,,,,,,,,,,,,,,,,,,,,,,,,,
,,,,,,,,,,,,,,,,,,,,,,,,,
,,,,,,,,,,,,,,,,,,,,,,,,,
,,,,,,,,,,,,,,,,,,,,,,,,,
,,,,,,,,,,,,,,,,,,,,,,,,,
,,,,,,,,,,,,,,,,,,,,,,,,,
,,,,,,,,,,,,,,,,,,,,,,,,,
,,,,,,,,,,,,,,,,,,,,,,,,,
,,,,,,,,,,,,,,,,,,,,,,,,,
,,,,,,,,,,,,,,,,,,,,,,,,,
,,,,,,,,,,,,,,,,,,,,,,,,,
,,,,,,,,,,,,,,,,,,,,,,,,,
,,,,,,,,,,,,,,,,,,,,,,,,,
,,,,,,,,,,,,,,,,,,,,,,,,,
,,,,,,,,,,,,,,,,,,,,,,,,,
,,,,,,,,,,,,,,,,,,,,,,,,,
,,,,,,,,,,,,,,,,,,,,,,,,,
,,,,,,,,,,,,,,,,,,,,,,,,,
,,,,,,,,,,,,,,,,,,,,,,,,,
,,,,,,,,,,,,,,,,,,,,,,,,,
,,,,,,,,,,,,,,,,,,,,,,,,,
,,,,,,,,,,,,,,,,,,,,,,,,,
,,,,,,,,,,,,,,,,,,,,,,,,,
,,,,,,,,,,,,,,,,,,,,,,,,,
,,,,,,,,,,,,,,,,,,,,,,,,,
,,,,,,,,,,,,,,,,,,,,,,,,,
,,,,,,,,,,,,,,,,,,,,,,,,,
,,,,,,,,,,,,,,,,,,,,,,,,,
,,,,,,,,,,,,,,,,,,,,,,,,,
,,,,,,,,,,,,,,,,,,,,,,,,,
,,,,,,,,,,,,,,,,,,,,,,,,,
,,,,,,,,,,,,,,,,,,,,,,,,,
,,,,,,,,,,,,,,,,,,,,,,,,,
,,,,,,,,,,,,,,,,,,,,,,,,,
,,,,,,,,,,,,,,,,,,,,,,,,,
,,,,,,,,,,,,,,,,,,,,,,,,,
,,,,,,,,,,,,,,,,,,,,,,,,,
,,,,,,,,,,,,,,,,,,,,,,,,,
,,,,,,,,,,,,,,,,,,,,,,,,,
,,,,,,,,,,,,,,,,,,,,,,,,,
,,,,,,,,,,,,,,,,,,,,,,,,,
,,,,,,,,,,,,,,,,,,,,,,,,,
,,,,,,,,,,,,,,,,,,,,,,,,,
,,,,,,,,,,,,,,,,,,,,,,,,,
,,,,,,,,,,,,,,,,,,,,,,,,,
,,,,,,,,,,,,,,,,,,,,,,,,,
,,,,,,,,,,,,,,,,,,,,,,,,,
,,,,,,,,,,,,,,,,,,,,,,,,,
,,,,,,,,,,,,,,,,,,,,,,,,,
,,,,,,,,,,,,,,,,,,,,,,,,,
,,,,,,,,,,,,,,,,,,,,,,,,,
,,,,,,,,,,,,,,,,,,,,,,,,,
,,,,,,,,,,,,,,,,,,,,,,,,,
,,,,,,,,,,,,,,,,,,,,,,,,,
,,,,,,,,,,,,,,,,,,,,,,,,,
,,,,,,,,,,,,,,,,,,,,,,,,,
,,,,,,,,,,,,,,,,,,,,,,,,,
,,,,,,,,,,,,,,,,,,,,,,,,,
,,,,,,,,,,,,,,,,,,,,,,,,,
,,,,,,,,,,,,,,,,,,,,,,,,,
,,,,,,,,,,,,,,,,,,,,,,,,,
,,,,,,,,,,,,,,,,,,,,,,,,,
,,,,,,,,,,,,,,,,,,,,,,,,,
,,,,,,,,,,,,,,,,,,,,,,,,,
,,,,,,,,,,,,,,,,,,,,,,,,,
,,,,,,,,,,,,,,,,,,,,,,,,,
,,,,,,,,,,,,,,,,,,,,,,,,,
,,,,,,,,,,,,,,,,,,,,,,,,,
,,,,,,,,,,,,,,,,,,,,,,,,,
,,,,,,,,,,,,,,,,,,,,,,,,,
,,,,,,,,,,,,,,,,,,,,,,,,,
,,,,,,,,,,,,,,,,,,,,,,,,,
,,,,,,,,,,,,,,,,,,,,,,,,,
,,,,,,,,,,,,,,,,,,,,,,,,,
,,,,,,,,,,,,,,,,,,,,,,,,,
,,,,,,,,,,,,,,,,,,,,,,,,,
,,,,,,,,,,,,,,,,,,,,,,,,,
,,,,,,,,,,,,,,,,,,,,,,,,,
,,,,,,,,,,,,,,,,,,,,,,,,,
,,,,,,,,,,,,,,,,,,,,,,,,,
,,,,,,,,,,,,,,,,,,,,,,,,,
,,,,,,,,,,,,,,,,,,,,,,,,,
,,,,,,,,,,,,,,,,,,,,,,,,,
,,,,,,,,,,,,,,,,,,,,,,,,,
,,,,,,,,,,,,,,,,,,,,,,,,,
,,,,,,,,,,,,,,,,,,,,,,,,,
,,,,,,,,,,,,,,,,,,,,,,,,,
,,,,,,,,,,,,,,,,,,,,,,,,,
,,,,,,,,,,,,,,,,,,,,,,,,,
,,,,,,,,,,,,,,,,,,,,,,,,,
,,,,,,,,,,,,,,,,,,,,,,,,,
,,,,,,,,,,,,,,,,,,,,,,,,,
,,,,,,,,,,,,,,,,,,,,,,,,,
,,,,,,,,,,,,,,,,,,,,,,,,,
,,,,,,,,,,,,,,,,,,,,,,,,,
,,,,,,,,,,,,,,,,,,,,,,,,,
,,,,,,,,,,,,,,,,,,,,,,,,,
,,,,,,,,,,,,,,,,,,,,,,,,,
,,,,,,,,,,,,,,,,,,,,,,,,,
,,,,,,,,,,,,,,,,,,,,,,,,,
,,,,,,,,,,,,,,,,,,,,,,,,,
,,,,,,,,,,,,,,,,,,,,,,,,,
,,,,,,,,,,,,,,,,,,,,,,,,,
,,,,,,,,,,,,,,,,,,,,,,,,,
,,,,,,,,,,,,,,,,,,,,,,,,,
,,,,,,,,,,,,,,,,,,,,,,,,,
,,,,,,,,,,,,,,,,,,,,,,,,,
,,,,,,,,,,,,,,,,,,,,,,,,,
,,,,,,,,,,,,,,,,,,,,,,,,,
,,,,,,,,,,,,,,,,,,,,,,,,,
,,,,,,,,,,,,,,,,,,,,,,,,,
,,,,,,,,,,,,,,,,,,,,,,,,,
,,,,,,,,,,,,,,,,,,,,,,,,,
,,,,,,,,,,,,,,,,,,,,,,,,,
,,,,,,,,,,,,,,,,,,,,,,,,,
,,,,,,,,,,,,,,,,,,,,,,,,,
,,,,,,,,,,,,,,,,,,,,,,,,,
,,,,,,,,,,,,,,,,,,,,,,,,,
,,,,,,,,,,,,,,,,,,,,,,,,,
,,,,,,,,,,,,,,,,,,,,,,,,,
,,,,,,,,,,,,,,,,,,,,,,,,,
,,,,,,,,,,,,,,,,,,,,,,,,,
,,,,,,,,,,,,,,,,,,,,,,,,,
,,,,,,,,,,,,,,,,,,,,,,,,,
,,,,,,,,,,,,,,,,,,,,,,,,,
,,,,,,,,,,,,,,,,,,,,,,,,,
,,,,,,,,,,,,,,,,,,,,,,,,,
,,,,,,,,,,,,,,,,,,,,,,,,,
,,,,,,,,,,,,,,,,,,,,,,,,,
,,,,,,,,,,,,,,,,,,,,,,,,,
,,,,,,,,,,,,,,,,,,,,,,,,,
,,,,,,,,,,,,,,,,,,,,,,,,,
,,,,,,,,,,,,,,,,,,,,,,,,,
,,,,,,,,,,,,,,,,,,,,,,,,,
,,,,,,,,,,,,,,,,,,,,,,,,,
,,,,,,,,,,,,,,,,,,,,,,,,,
,,,,,,,,,,,,,,,,,,,,,,,,,
,,,,,,,,,,,,,,,,,,,,,,,,,
,,,,,,,,,,,,,,,,,,,,,,,,,
,,,,,,,,,,,,,,,,,,,,,,,,,
,,,,,,,,,,,,,,,,,,,,,,,,,
,,,,,,,,,,,,,,,,,,,,,,,,,
,,,,,,,,,,,,,,,,,,,,,,,,,
,,,,,,,,,,,,,,,,,,,,,,,,,
,,,,,,,,,,,,,,,,,,,,,,,,,
,,,,,,,,,,,,,,,,,,,,,,,,,
,,,,,,,,,,,,,,,,,,,,,,,,,
,,,,,,,,,,,,,,,,,,,,,,,,,
,,,,,,,,,,,,,,,,,,,,,,,,,
,,,,,,,,,,,,,,,,,,,,,,,,,
,,,,,,,,,,,,,,,,,,,,,,,,,
,,,,,,,,,,,,,,,,,,,,,,,,,
,,,,,,,,,,,,,,,,,,,,,,,,,
,,,,,,,,,,,,,,,,,,,,,,,,,
,,,,,,,,,,,,,,,,,,,,,,,,,
,,,,,,,,,,,,,,,,,,,,,,,,,
,,,,,,,,,,,,,,,,,,,,,,,,,
,,,,,,,,,,,,,,,,,,,,,,,,,
,,,,,,,,,,,,,,,,,,,,,,,,,
,,,,,,,,,,,,,,,,,,,,,,,,,
,,,,,,,,,,,,,,,,,,,,,,,,,
,,,,,,,,,,,,,,,,,,,,,,,,,
,,,,,,,,,,,,,,,,,,,,,,,,,
,,,,,,,,,,,,,,,,,,,,,,,,,
,,,,,,,,,,,,,,,,,,,,,,,,,
,,,,,,,,,,,,,,,,,,,,,,,,,
,,,,,,,,,,,,,,,,,,,,,,,,,
,,,,,,,,,,,,,,,,,,,,,,,,,
,,,,,,,,,,,,,,,,,,,,,,,,,
,,,,,,,,,,,,,,,,,,,,,,,,,
,,,,,,,,,,,,,,,,,,,,,,,,,
,,,,,,,,,,,,,,,,,,,,,,,,,
,,,,,,,,,,,,,,,,,,,,,,,,,
,,,,,,,,,,,,,,,,,,,,,,,,,
,,,,,,,,,,,,,,,,,,,,,,,,,
,,,,,,,,,,,,,,,,,,,,,,,,,
,,,,,,,,,,,,,,,,,,,,,,,,,
,,,,,,,,,,,,,,,,,,,,,,,,,
,,,,,,,,,,,,,,,,,,,,,,,,,
,,,,,,,,,,,,,,,,,,,,,,,,,
,,,,,,,,,,,,,,,,,,,,,,,,,
,,,,,,,,,,,,,,,,,,,,,,,,,
,,,,,,,,,,,,,,,,,,,,,,,,,
,,,,,,,,,,,,,,,,,,,,,,,,,
,,,,,,,,,,,,,,,,,,,,,,,,,
,,,,,,,,,,,,,,,,,,,,,,,,,
,,,,,,,,,,,,,,,,,,,,,,,,,
,,,,,,,,,,,,,,,,,,,,,,,,,
,,,,,,,,,,,,,,,,,,,,,,,,,
,,,,,,,,,,,,,,,,,,,,,,,,,
,,,,,,,,,,,,,,,,,,,,,,,,,
,,,,,,,,,,,,,,,,,,,,,,,,,
,,,,,,,,,,,,,,,,,,,,,,,,,
,,,,,,,,,,,,,,,,,,,,,,,,,
,,,,,,,,,,,,,,,,,,,,,,,,,
,,,,,,,,,,,,,,,,,,,,,,,,,
,,,,,,,,,,,,,,,,,,,,,,,,,
,,,,,,,,,,,,,,,,,,,,,,,,,
,,,,,,,,,,,,,,,,,,,,,,,,,
,,,,,,,,,,,,,,,,,,,,,,,,,
,,,,,,,,,,,,,,,,,,,,,,,,,
,,,,,,,,,,,,,,,,,,,,,,,,,
,,,,,,,,,,,,,,,,,,,,,,,,,
,,,,,,,,,,,,,,,,,,,,,,,,,
,,,,,,,,,,,,,,,,,,,,,,,,,
,,,,,,,,,,,,,,,,,,,,,,,,,
,,,,,,,,,,,,,,,,,,,,,,,,,
,,,,,,,,,,,,,,,,,,,,,,,,,
,,,,,,,,,,,,,,,,,,,,,,,,,
,,,,,,,,,,,,,,,,,,,,,,,,,
,,,,,,,,,,,,,,,,,,,,,,,,,
,,,,,,,,,,,,,,,,,,,,,,,,,
,,,,,,,,,,,,,,,,,,,,,,,,,
,,,,,,,,,,,,,,,,,,,,,,,,,
,,,,,,,,,,,,,,,,,,,,,,,,,
,,,,,,,,,,,,,,,,,,,,,,,,,
,,,,,,,,,,,,,,,,,,,,,,,,,
,,,,,,,,,,,,,,,,,,,,,,,,,
,,,,,,,,,,,,,,,,,,,,,,,,,
,,,,,,,,,,,,,,,,,,,,,,,,,
,,,,,,,,,,,,,,,,,,,,,,,,,
,,,,,,,,,,,,,,,,,,,,,,,,,
,,,,,,,,,,,,,,,,,,,,,,,,,
,,,,,,,,,,,,,,,,,,,,,,,,,
,,,,,,,,,,,,,,,,,,,,,,,,,
,,,,,,,,,,,,,,,,,,,,,,,,,
,,,,,,,,,,,,,,,,,,,,,,,,,
,,,,,,,,,,,,,,,,,,,,,,,,,
,,,,,,,,,,,,,,,,,,,,,,,,,
,,,,,,,,,,,,,,,,,,,,,,,,,
,,,,,,,,,,,,,,,,,,,,,,,,,
,,,,,,,,,,,,,,,,,,,,,,,,,
,,,,,,,,,,,,,,,,,,,,,,,,,
,,,,,,,,,,,,,,,,,,,,,,,,,
,,,,,,,,,,,,,,,,,,,,,,,,,
,,,,,,,,,,,,,,,,,,,,,,,,,
,,,,,,,,,,,,,,,,,,,,,,,,,
,,,,,,,,,,,,,,,,,,,,,,,,,
,,,,,,,,,,,,,,,,,,,,,,,,,
,,,,,,,,,,,,,,,,,,,,,,,,,
,,,,,,,,,,,,,,,,,,,,,,,,,
,,,,,,,,,,,,,,,,,,,,,,,,,
,,,,,,,,,,,,,,,,,,,,,,,,,
,,,,,,,,,,,,,,,,,,,,,,,,,
,,,,,,,,,,,,,,,,,,,,,,,,,
,,,,,,,,,,,,,,,,,,,,,,,,,
,,,,,,,,,,,,,,,,,,,,,,,,,
,,,,,,,,,,,,,,,,,,,,,,,,,
,,,,,,,,,,,,,,,,,,,,,,,,,
,,,,,,,,,,,,,,,,,,,,,,,,,
,,,,,,,,,,,,,,,,,,,,,,,,,
,,,,,,,,,,,,,,,,,,,,,,,,,
,,,,,,,,,,,,,,,,,,,,,,,,,
,,,,,,,,,,,,,,,,,,,,,,,,,
,,,,,,,,,,,,,,,,,,,,,,,,,
,,,,,,,,,,,,,,,,,,,,,,,,,
,,,,,,,,,,,,,,,,,,,,,,,,,
,,,,,,,,,,,,,,,,,,,,,,,,,
,,,,,,,,,,,,,,,,,,,,,,,,,
,,,,,,,,,,,,,,,,,,,,,,,,,
,,,,,,,,,,,,,,,,,,,,,,,,,
,,,,,,,,,,,,,,,,,,,,,,,,,
,,,,,,,,,,,,,,,,,,,,,,,,,
,,,,,,,,,,,,,,,,,,,,,,,,,
,,,,,,,,,,,,,,,,,,,,,,,,,
,,,,,,,,,,,,,,,,,,,,,,,,,
,,,,,,,,,,,,,,,,,,,,,,,,,
,,,,,,,,,,,,,,,,,,,,,,,,,
,,,,,,,,,,,,,,,,,,,,,,,,,
,,,,,,,,,,,,,,,,,,,,,,,,,
,,,,,,,,,,,,,,,,,,,,,,,,,
,,,,,,,,,,,,,,,,,,,,,,,,,
